store_id,product_id,qty,cost,reason_codes
188,596,9.87,721.15,"['manufacture_to_avoid_stockout', 'high_delay_probability']"
74,345,0.72,52.53,['high_delay_probability']
131,223,3.79,276.91,"['manufacture_to_avoid_stockout', 'high_delay_probability']"
18,26,2.88,210.51,"['manufacture_to_avoid_stockout', 'high_delay_probability']"
134,494,6.09,444.79,"['manufacture_to_avoid_stockout', 'high_delay_probability']"
18,691,23.25,1698.73,"['manufacture_to_avoid_stockout', 'high_delay_probability']"
1,104,20.5,1497.87,"['manufacture_to_avoid_stockout', 'high_delay_probability']"
181,300,18.92,1382.26,"['manufacture_to_avoid_stockout', 'high_delay_probability']"
1,769,11.78,860.69,"['manufacture_to_avoid_stockout', 'high_delay_probability']"
118,122,9.61,701.9,"['manufacture_to_avoid_stockout', 'high_delay_probability']"
134,76,5.75,419.82,"['manufacture_to_avoid_stockout', 'high_delay_probability']"
187,478,7.36,537.97,"['manufacture_to_avoid_stockout', 'high_delay_probability']"
1,122,12.74,930.53,"['manufacture_to_avoid_stockout', 'high_delay_probability']"
29,41,5.27,385.13,"['manufacture_to_avoid_stockout', 'high_delay_probability']"
182,143,9.6,701.24,"['manufacture_to_avoid_stockout', 'high_delay_probability']"
131,70,2.88,210.15,['high_delay_probability']
154,310,2.71,197.73,['high_delay_probability']
18,300,24.49,1788.76,['high_delay_probability']
187,496,3.34,244.36,"['manufacture_to_avoid_stockout', 'high_delay_probability']"
118,387,5.13,374.44,"['manufacture_to_avoid_stockout', 'high_delay_probability']"
194,117,15.05,1099.52,"['manufacture_to_avoid_stockout', 'high_delay_probability']"
18,129,11.14,814.14,"['manufacture_to_avoid_stockout', 'safety_stock_violation_prevented', 'high_demand_variability', 'high_delay_probability']"
1,207,5.3,386.83,"['manufacture_to_avoid_stockout', 'high_delay_probability']"
147,23,8.45,617.35,"['manufacture_to_avoid_stockout', 'high_delay_probability']"
188,70,15.93,1163.55,"['manufacture_to_avoid_stockout', 'high_delay_probability']"
183,629,1.79,130.65,['high_delay_probability']
147,41,4.76,347.9,['high_delay_probability']
29,580,1.0,73.4,['high_delay_probability']
183,638,3.94,288.12,"['manufacture_to_avoid_stockout', 'high_delay_probability']"
145,117,12.63,922.56,"['manufacture_to_avoid_stockout', 'high_delay_probability']"
46,4,0.88,64.49,"['high_demand_variability', 'high_delay_probability']"
74,740,3.69,269.56,['high_delay_probability']
134,215,22.9,1672.82,"['manufacture_to_avoid_stockout', 'high_delay_probability']"
196,684,0.04,2.72,"['high_demand_variability', 'high_delay_probability']"
74,578,1.52,111.13,['high_delay_probability']
118,99,4.55,332.05,"['manufacture_to_avoid_stockout', 'high_delay_probability']"
1,90,13.02,951.33,"['manufacture_to_avoid_stockout', 'high_demand_variability', 'high_delay_probability']"
18,21,3.95,288.22,"['manufacture_to_avoid_stockout', 'high_delay_probability']"
118,108,4.71,344.16,"['manufacture_to_avoid_stockout', 'high_delay_probability']"
145,638,6.48,473.41,"['manufacture_to_avoid_stockout', 'high_delay_probability']"
74,596,12.64,923.17,"['manufacture_to_avoid_stockout', 'high_delay_probability']"
118,117,9.73,710.46,['high_delay_probability']
74,834,14.95,1092.31,"['manufacture_to_avoid_stockout', 'high_delay_probability']"
154,58,2.53,184.75,['high_delay_probability']
131,74,1.75,128.19,['high_delay_probability']
46,363,3.38,247.03,"['manufacture_to_avoid_stockout', 'high_delay_probability']"
29,292,1.4,102.06,['high_delay_probability']
187,500,8.23,601.56,"['manufacture_to_avoid_stockout', 'safety_stock_violation_prevented', 'high_demand_variability', 'high_delay_probability']"
196,567,4.29,313.26,"['manufacture_to_avoid_stockout', 'high_delay_probability']"
60,41,6.41,468.56,"['manufacture_to_avoid_stockout', 'high_delay_probability']"
181,578,3.63,265.07,"['manufacture_to_avoid_stockout', 'high_delay_probability']"
118,638,2.02,147.51,['high_delay_probability']
118,220,2.26,165.44,"['manufacture_to_avoid_stockout', 'high_delay_probability']"
181,834,12.2,891.4,"['manufacture_to_avoid_stockout', 'safety_stock_violation_prevented', 'high_delay_probability']"
134,201,4.17,304.7,['high_delay_probability']
60,126,2.5,182.97,['high_delay_probability']
183,215,10.01,731.6,"['manufacture_to_avoid_stockout', 'high_delay_probability']"
74,70,38.4,2804.96,"['manufacture_to_avoid_stockout', 'high_delay_probability']"
194,215,22.46,1640.7,"['manufacture_to_avoid_stockout', 'high_delay_probability']"
181,672,3.71,270.73,"['manufacture_to_avoid_stockout', 'high_delay_probability']"
187,194,8.19,598.15,"['manufacture_to_avoid_stockout', 'high_delay_probability']"
182,515,4.72,344.5,"['manufacture_to_avoid_stockout', 'high_delay_probability']"
29,422,4.68,341.66,"['high_demand_variability', 'high_delay_probability']"
154,26,3.49,255.06,"['high_demand_variability', 'high_delay_probability']"
196,41,7.26,530.08,"['manufacture_to_avoid_stockout', 'high_delay_probability']"
145,215,18.51,1352.01,"['manufacture_to_avoid_stockout', 'high_delay_probability']"
74,600,3.07,224.43,"['high_demand_variability', 'high_delay_probability']"
134,740,6.7,489.75,"['manufacture_to_avoid_stockout', 'high_delay_probability']"
154,291,2.44,178.18,['high_delay_probability']
151,783,6.86,501.43,"['manufacture_to_avoid_stockout', 'high_delay_probability']"
187,715,6.08,443.82,"['manufacture_to_avoid_stockout', 'high_delay_probability']"
151,127,4.29,313.04,"['manufacture_to_avoid_stockout', 'high_delay_probability']"
154,300,17.91,1308.58,['high_delay_probability']
187,486,9.53,696.15,"['manufacture_to_avoid_stockout', 'high_delay_probability']"
194,345,1.49,108.96,['high_delay_probability']
147,422,5.06,369.82,"['manufacture_to_avoid_stockout', 'high_demand_variability', 'high_delay_probability']"
134,578,2.8,204.34,"['manufacture_to_avoid_stockout', 'high_delay_probability']"
181,802,6.92,505.85,"['safety_stock_violation_prevented', 'high_demand_variability', 'high_delay_probability']"
145,71,10.28,751.13,"['manufacture_to_avoid_stockout', 'high_delay_probability']"
183,363,8.35,609.85,"['manufacture_to_avoid_stockout', 'high_delay_probability']"
194,363,5.93,433.07,"['manufacture_to_avoid_stockout', 'high_delay_probability']"
134,596,5.7,416.69,"['manufacture_to_avoid_stockout', 'high_delay_probability']"
118,215,34.46,2517.47,"['manufacture_to_avoid_stockout', 'high_delay_probability']"
134,834,6.75,492.78,"['manufacture_to_avoid_stockout', 'high_delay_probability']"
196,144,12.8,935.2,"['manufacture_to_avoid_stockout', 'high_delay_probability']"
60,292,17.88,1306.52,"['manufacture_to_avoid_stockout', 'safety_stock_violation_prevented', 'high_delay_probability']"
1,215,15.06,1100.39,"['manufacture_to_avoid_stockout', 'high_delay_probability']"
46,223,1.61,117.42,['high_delay_probability']
188,554,8.55,624.95,"['manufacture_to_avoid_stockout', 'high_delay_probability']"
181,11,1.15,83.88,['high_delay_probability']
147,296,5.44,397.38,"['manufacture_to_avoid_stockout', 'high_delay_probability']"
145,363,1.08,79.02,['high_delay_probability']
151,19,1.56,113.64,['high_delay_probability']
29,426,4.47,326.45,"['manufacture_to_avoid_stockout', 'high_delay_probability']"
18,11,7.86,573.92,"['manufacture_to_avoid_stockout', 'high_delay_probability']"
154,21,7.44,543.83,"['manufacture_to_avoid_stockout', 'high_delay_probability']"
154,686,0.02,1.5,['high_delay_probability']
145,201,2.02,147.65,['high_delay_probability']
134,70,11.13,812.98,"['manufacture_to_avoid_stockout', 'high_delay_probability']"
151,104,33.56,2451.48,"['manufacture_to_avoid_stockout', 'safety_stock_violation_prevented', 'high_delay_probability']"
188,190,1.34,98.16,['high_delay_probability']
1,345,2.37,172.94,['high_delay_probability']
60,4,9.34,682.59,"['high_demand_variability', 'high_delay_probability']"
194,740,1.09,79.38,['high_delay_probability']
196,292,4.23,309.29,['high_delay_probability']
151,122,10.7,781.53,"['manufacture_to_avoid_stockout', 'high_demand_variability', 'high_delay_probability']"
151,796,17.45,1274.43,"['manufacture_to_avoid_stockout', 'high_delay_probability']"
46,600,10.51,767.87,"['manufacture_to_avoid_stockout', 'safety_stock_violation_prevented', 'high_demand_variability', 'high_delay_probability']"
187,310,3.23,235.74,"['manufacture_to_avoid_stockout', 'high_delay_probability']"
29,300,11.97,874.7,['high_delay_probability']
118,201,2.79,203.52,['high_delay_probability']
183,596,11.19,817.42,"['manufacture_to_avoid_stockout', 'high_delay_probability']"
194,596,2.52,183.76,['high_delay_probability']
1,201,4.07,297.07,"['manufacture_to_avoid_stockout', 'high_delay_probability']"
1,439,6.4,467.46,"['safety_stock_violation_prevented', 'high_demand_variability', 'high_delay_probability']"
147,26,1.83,133.83,"['high_demand_variability', 'high_delay_probability']"
196,166,6.17,450.51,"['manufacture_to_avoid_stockout', 'high_delay_probability']"
182,478,2.09,152.46,['high_delay_probability']
145,578,6.76,493.84,"['manufacture_to_avoid_stockout', 'high_delay_probability']"
196,422,7.3,533.27,"['manufacture_to_avoid_stockout', 'high_delay_probability']"
181,6,3.89,284.16,"['manufacture_to_avoid_stockout', 'high_delay_probability']"
196,4,34.08,2489.56,"['manufacture_to_avoid_stockout', 'safety_stock_violation_prevented', 'high_demand_variability', 'high_delay_probability']"
188,567,1.59,116.31,['high_delay_probability']
145,596,12.22,892.89,"['manufacture_to_avoid_stockout', 'high_delay_probability']"
74,554,1.15,84.24,['high_delay_probability']
134,38,8.3,606.34,"['safety_stock_violation_prevented', 'high_demand_variability', 'high_delay_probability']"
118,84,3.03,221.15,['high_delay_probability']
1,740,0.75,54.66,['high_delay_probability']
147,129,10.01,731.53,"['manufacture_to_avoid_stockout', 'high_demand_variability', 'high_delay_probability']"
74,810,4.67,341.22,"['manufacture_to_avoid_stockout', 'high_delay_probability']"
151,90,10.12,739.07,"['manufacture_to_avoid_stockout', 'high_delay_probability']"
183,70,19.8,1446.3,"['manufacture_to_avoid_stockout', 'high_delay_probability']"
194,70,4.7,343.07,['high_delay_probability']
151,99,5.26,384.15,"['manufacture_to_avoid_stockout', 'high_delay_probability']"
18,500,5.66,413.15,"['high_demand_variability', 'high_delay_probability']"
131,41,10.53,769.06,"['manufacture_to_avoid_stockout', 'high_delay_probability']"
151,108,4.76,347.62,"['manufacture_to_avoid_stockout', 'high_delay_probability']"
1,578,5.81,424.27,"['manufacture_to_avoid_stockout', 'high_delay_probability']"
29,30,4.65,339.55,['high_delay_probability']
145,223,2.04,149.26,['high_delay_probability']
118,596,1.17,85.6,['high_delay_probability']
151,117,21.49,1569.79,"['manufacture_to_avoid_stockout', 'high_delay_probability']"
118,834,12.07,881.48,"['manufacture_to_avoid_stockout', 'high_delay_probability']"
154,290,1.51,110.62,['high_delay_probability']
181,783,6.19,452.4,"['manufacture_to_avoid_stockout', 'high_delay_probability']"
181,127,0.87,63.47,['high_delay_probability']
1,596,2.8,204.71,['high_delay_probability']
118,843,3.1,226.41,"['manufacture_to_avoid_stockout', 'high_delay_probability']"
1,834,15.19,1109.87,"['manufacture_to_avoid_stockout', 'high_delay_probability']"
74,666,16.44,1200.79,"['manufacture_to_avoid_stockout', 'high_delay_probability']"
181,554,8.7,635.84,"['manufacture_to_avoid_stockout', 'high_delay_probability']"
187,58,3.81,278.36,"['manufacture_to_avoid_stockout', 'high_delay_probability']"
187,296,7.7,562.2,"['manufacture_to_avoid_stockout', 'high_delay_probability']"
188,23,0.34,24.5,['high_delay_probability']
181,810,9.69,707.83,"['manufacture_to_avoid_stockout', 'high_delay_probability']"
18,783,12.58,919.37,"['manufacture_to_avoid_stockout', 'high_delay_probability']"
145,70,9.57,698.89,['high_delay_probability']
183,600,4.95,361.76,"['high_demand_variability', 'high_delay_probability']"
18,127,8.06,588.79,"['manufacture_to_avoid_stockout', 'high_delay_probability']"
154,802,15.95,1165.36,"['manufacture_to_avoid_stockout', 'high_delay_probability']"
118,214,9.83,717.78,"['manufacture_to_avoid_stockout', 'safety_stock_violation_prevented', 'high_delay_probability']"
188,41,5.69,415.53,"['manufacture_to_avoid_stockout', 'high_delay_probability']"
194,600,6.71,490.47,"['manufacture_to_avoid_stockout', 'safety_stock_violation_prevented', 'high_demand_variability', 'high_delay_probability']"
151,638,2.62,191.16,['high_delay_probability']
118,70,11.13,813.32,"['manufacture_to_avoid_stockout', 'high_delay_probability']"
181,19,4.51,329.61,['high_delay_probability']
182,500,0.41,29.76,"['high_demand_variability', 'high_delay_probability']"
1,70,18.49,1350.59,"['manufacture_to_avoid_stockout', 'high_delay_probability']"
154,11,4.22,308.15,"['manufacture_to_avoid_stockout', 'high_delay_probability']"
187,682,8.03,586.84,"['manufacture_to_avoid_stockout', 'high_delay_probability']"
187,26,0.4,29.05,['high_delay_probability']
60,223,1.84,134.59,['high_delay_probability']
183,74,6.76,493.85,"['manufacture_to_avoid_stockout', 'high_delay_probability']"
18,77,6.67,487.35,"['manufacture_to_avoid_stockout', 'high_delay_probability']"
181,769,0.02,1.14,['high_delay_probability']
118,829,3.06,223.81,['high_delay_probability']
134,554,6.56,478.89,"['manufacture_to_avoid_stockout', 'high_delay_probability']"
118,600,6.65,485.52,['high_delay_probability']
131,292,8.86,647.13,"['manufacture_to_avoid_stockout', 'high_delay_probability']"
181,122,14.52,1060.67,"['manufacture_to_avoid_stockout', 'high_delay_probability']"
187,291,8.11,592.37,"['manufacture_to_avoid_stockout', 'high_delay_probability']"
18,104,34.44,2515.6,"['manufacture_to_avoid_stockout', 'high_delay_probability']"
181,796,13.35,975.59,"['manufacture_to_avoid_stockout', 'high_delay_probability']"
18,769,14.75,1077.42,"['manufacture_to_avoid_stockout', 'high_delay_probability']"
181,140,6.78,495.06,"['manufacture_to_avoid_stockout', 'safety_stock_violation_prevented', 'high_delay_probability']"
187,300,35.95,2626.32,"['manufacture_to_avoid_stockout', 'high_delay_probability']"
18,351,8.53,623.33,"['manufacture_to_avoid_stockout', 'high_delay_probability']"
74,23,4.76,347.97,"['manufacture_to_avoid_stockout', 'high_delay_probability']"
29,775,1.43,104.72,['high_delay_probability']
188,292,7.66,559.68,"['manufacture_to_avoid_stockout', 'high_delay_probability']"
151,215,19.69,1438.13,"['manufacture_to_avoid_stockout', 'high_delay_probability']"
29,802,17.94,1310.42,"['manufacture_to_avoid_stockout', 'safety_stock_violation_prevented', 'high_demand_variability', 'high_delay_probability']"
131,166,23.55,1720.29,"['manufacture_to_avoid_stockout', 'high_delay_probability']"
1,38,9.63,703.38,"['manufacture_to_avoid_stockout', 'safety_stock_violation_prevented', 'high_demand_variability', 'high_delay_probability']"
154,644,4.57,334.04,['high_delay_probability']
18,207,4.0,291.96,['high_delay_probability']
182,486,0.45,32.81,['high_delay_probability']
29,631,0.87,63.54,"['manufacture_to_avoid_stockout', 'high_delay_probability']"
134,19,12.37,903.37,"['manufacture_to_avoid_stockout', 'high_delay_probability']"
131,422,5.52,403.38,"['manufacture_to_avoid_stockout', 'high_delay_probability']"
131,4,15.78,1152.69,"['high_demand_variability', 'high_delay_probability']"
147,775,16.34,1194.05,"['manufacture_to_avoid_stockout', 'high_delay_probability']"
151,71,4.35,317.51,"['manufacture_to_avoid_stockout', 'high_delay_probability']"
154,6,8.69,634.87,"['manufacture_to_avoid_stockout', 'high_delay_probability']"
46,729,1.65,120.51,['high_delay_probability']
29,240,6.11,446.37,"['manufacture_to_avoid_stockout', 'high_delay_probability']"
154,500,0.37,26.68,"['high_demand_variability', 'high_delay_probability']"
29,11,1.96,143.24,"['manufacture_to_avoid_stockout', 'high_delay_probability']"
187,21,3.73,272.25,"['manufacture_to_avoid_stockout', 'high_delay_probability']"
151,763,5.15,375.93,"['manufacture_to_avoid_stockout', 'high_delay_probability']"
188,422,5.9,430.94,"['manufacture_to_avoid_stockout', 'high_demand_variability', 'high_delay_probability']"
194,554,7.78,568.4,"['manufacture_to_avoid_stockout', 'high_delay_probability']"
147,631,4.16,303.55,"['manufacture_to_avoid_stockout', 'high_delay_probability']"
181,117,16.64,1215.51,"['manufacture_to_avoid_stockout', 'high_delay_probability']"
18,99,5.6,409.09,"['manufacture_to_avoid_stockout', 'high_delay_probability']"
154,774,1.44,105.15,['high_delay_probability']
1,415,2.68,195.94,"['manufacture_to_avoid_stockout', 'high_delay_probability']"
154,783,5.22,381.07,['high_delay_probability']
154,127,2.88,210.44,['high_delay_probability']
182,207,8.32,607.88,"['manufacture_to_avoid_stockout', 'high_delay_probability']"
147,478,4.2,306.93,"['manufacture_to_avoid_stockout', 'high_delay_probability']"
151,201,5.63,411.52,"['manufacture_to_avoid_stockout', 'high_delay_probability']"
46,194,11.25,822.02,"['manufacture_to_avoid_stockout', 'high_delay_probability']"
145,554,10.03,732.78,"['manufacture_to_avoid_stockout', 'safety_stock_violation_prevented', 'high_delay_probability']"
181,638,2.91,212.77,"['manufacture_to_avoid_stockout', 'high_delay_probability']"
188,296,4.76,347.66,"['manufacture_to_avoid_stockout', 'high_delay_probability']"
183,190,8.31,607.15,"['manufacture_to_avoid_stockout', 'safety_stock_violation_prevented', 'high_delay_probability']"
194,190,3.99,291.59,"['manufacture_to_avoid_stockout', 'high_delay_probability']"
151,219,0.91,66.52,['high_delay_probability']
187,578,1.32,96.36,['high_delay_probability']
182,481,13.96,1019.5,"['manufacture_to_avoid_stockout', 'high_delay_probability']"
46,41,7.84,572.7,"['manufacture_to_avoid_stockout', 'high_delay_probability']"
187,834,9.3,679.59,"['manufacture_to_avoid_stockout', 'high_delay_probability']"
182,310,5.97,435.97,"['manufacture_to_avoid_stockout', 'high_delay_probability']"
118,554,2.07,150.91,['high_delay_probability']
60,631,4.99,364.56,"['manufacture_to_avoid_stockout', 'high_delay_probability']"
1,554,7.19,525.28,"['manufacture_to_avoid_stockout', 'high_delay_probability']"
29,6,6.1,445.52,"['manufacture_to_avoid_stockout', 'high_delay_probability']"
29,253,3.53,257.98,"['manufacture_to_avoid_stockout', 'high_delay_probability']"
145,684,2.88,210.1,['high_delay_probability']
1,810,9.96,727.77,"['manufacture_to_avoid_stockout', 'high_delay_probability']"
29,500,5.42,396.05,"['manufacture_to_avoid_stockout', 'high_delay_probability']"
134,126,9.02,659.11,"['manufacture_to_avoid_stockout', 'high_delay_probability']"
60,478,3.24,236.75,"['manufacture_to_avoid_stockout', 'high_delay_probability']"
196,775,6.7,489.48,"['manufacture_to_avoid_stockout', 'high_delay_probability']"
154,104,36.22,2646.15,"['manufacture_to_avoid_stockout', 'high_delay_probability']"
183,567,3.52,257.37,"['manufacture_to_avoid_stockout', 'high_delay_probability']"
151,596,3.86,281.78,['high_delay_probability']
187,290,1.74,127.18,['high_delay_probability']
118,419,7.79,568.75,"['manufacture_to_avoid_stockout', 'high_delay_probability']"
74,4,28.19,2059.49,"['manufacture_to_avoid_stockout', 'safety_stock_violation_prevented', 'high_demand_variability', 'high_delay_probability']"
188,26,4.14,302.08,"['manufacture_to_avoid_stockout', 'high_delay_probability']"
118,190,2.4,175.11,['high_delay_probability']
154,122,7.77,567.48,"['manufacture_to_avoid_stockout', 'high_delay_probability']"
29,774,4.89,356.98,"['manufacture_to_avoid_stockout', 'high_delay_probability']"
29,118,5.38,393.23,"['manufacture_to_avoid_stockout', 'high_delay_probability']"
118,19,6.78,495.64,"['manufacture_to_avoid_stockout', 'high_delay_probability']"
29,783,1.07,78.27,['high_delay_probability']
194,414,0.99,72.49,['high_delay_probability']
29,127,1.72,125.72,['high_delay_probability']
187,802,11.21,818.69,"['manufacture_to_avoid_stockout', 'high_demand_variability', 'high_delay_probability']"
1,19,4.63,338.55,['high_delay_probability']
151,214,1.18,85.88,['high_delay_probability']
181,215,2.84,207.22,['high_delay_probability']
147,500,4.48,327.18,"['high_demand_variability', 'high_delay_probability']"
182,467,6.68,487.93,"['high_demand_variability', 'high_delay_probability']"
151,223,7.88,575.92,"['manufacture_to_avoid_stockout', 'high_delay_probability']"
154,634,4.64,339.18,"['manufacture_to_avoid_stockout', 'high_delay_probability']"
183,670,2.36,172.65,"['manufacture_to_avoid_stockout', 'high_delay_probability']"
188,129,11.69,853.86,"['manufacture_to_avoid_stockout', 'high_delay_probability']"
194,23,7.12,520.35,"['manufacture_to_avoid_stockout', 'high_delay_probability']"
182,296,5.3,386.98,"['manufacture_to_avoid_stockout', 'high_delay_probability']"
18,215,19.5,1424.84,"['manufacture_to_avoid_stockout', 'high_delay_probability']"
60,190,1.1,80.67,['high_delay_probability']
151,70,14.47,1057.39,"['manufacture_to_avoid_stockout', 'high_delay_probability']"
183,41,9.34,682.31,"['manufacture_to_avoid_stockout', 'high_delay_probability']"
131,250,1.16,84.93,['high_delay_probability']
187,11,4.08,298.16,"['manufacture_to_avoid_stockout', 'high_delay_probability']"
46,310,1.54,112.44,['high_delay_probability']
1,796,10.41,760.3,"['manufacture_to_avoid_stockout', 'high_delay_probability']"
29,486,15.79,1153.78,"['manufacture_to_avoid_stockout', 'high_delay_probability']"
18,71,6.53,476.69,"['manufacture_to_avoid_stockout', 'high_delay_probability']"
60,226,2.51,183.47,"['manufacture_to_avoid_stockout', 'high_delay_probability']"
145,41,9.03,659.34,"['manufacture_to_avoid_stockout', 'high_delay_probability']"
183,144,10.42,761.54,"['manufacture_to_avoid_stockout', 'high_delay_probability']"
194,144,11.41,833.46,"['manufacture_to_avoid_stockout', 'high_delay_probability']"
151,600,5.17,377.79,"['manufacture_to_avoid_stockout', 'high_delay_probability']"
182,426,9.72,709.82,"['manufacture_to_avoid_stockout', 'high_delay_probability']"
196,599,0.65,47.6,['high_delay_probability']
29,104,13.65,996.84,"['manufacture_to_avoid_stockout', 'high_delay_probability']"
29,769,3.73,272.27,"['manufacture_to_avoid_stockout', 'high_delay_probability']"
188,515,5.52,403.32,"['manufacture_to_avoid_stockout', 'high_delay_probability']"
147,715,5.39,393.5,"['manufacture_to_avoid_stockout', 'high_delay_probability']"
147,486,1.87,136.51,['high_delay_probability']
182,26,1.52,110.96,['high_delay_probability']
134,413,0.15,10.66,['high_delay_probability']
1,23,3.3,241.26,['high_delay_probability']
118,41,12.35,902.36,"['manufacture_to_avoid_stockout', 'high_delay_probability']"
145,144,15.7,1146.84,"['manufacture_to_avoid_stockout', 'high_delay_probability']"
134,4,8.67,633.05,"['high_demand_variability', 'high_delay_probability']"
154,638,3.96,289.07,"['manufacture_to_avoid_stockout', 'high_delay_probability']"
29,863,7.57,552.72,['high_delay_probability']
187,644,10.21,746.1,"['manufacture_to_avoid_stockout', 'high_delay_probability']"
29,207,2.51,183.6,['high_delay_probability']
147,580,4.14,302.73,['high_delay_probability']
74,129,8.61,629.13,"['manufacture_to_avoid_stockout', 'safety_stock_violation_prevented', 'high_demand_variability', 'high_delay_probability']"
46,296,7.47,546.04,"['manufacture_to_avoid_stockout', 'high_delay_probability']"
1,117,31.23,2281.19,"['manufacture_to_avoid_stockout', 'high_delay_probability']"
181,740,2.93,214.11,"['manufacture_to_avoid_stockout', 'high_delay_probability']"
187,6,8.16,595.81,"['manufacture_to_avoid_stockout', 'high_delay_probability']"
183,292,9.3,679.64,"['manufacture_to_avoid_stockout', 'high_delay_probability']"
118,144,7.48,546.49,"['manufacture_to_avoid_stockout', 'high_delay_probability']"
134,763,4.85,354.51,"['manufacture_to_avoid_stockout', 'high_delay_probability']"
147,207,0.06,4.36,['high_delay_probability']
181,596,12.07,882.07,"['manufacture_to_avoid_stockout', 'safety_stock_violation_prevented', 'high_delay_probability']"
1,638,1.94,142.0,['high_delay_probability']
18,578,11.84,864.75,"['manufacture_to_avoid_stockout', 'high_delay_probability']"
145,292,4.8,350.78,['high_delay_probability']
187,774,4.03,294.32,"['manufacture_to_avoid_stockout', 'high_delay_probability']"
194,166,12.97,947.49,"['manufacture_to_avoid_stockout', 'high_delay_probability']"
187,783,7.03,513.31,"['manufacture_to_avoid_stockout', 'high_delay_probability']"
187,127,6.62,483.89,"['manufacture_to_avoid_stockout', 'safety_stock_violation_prevented', 'high_delay_probability']"
18,596,5.32,388.65,['high_delay_probability']
196,194,8.48,619.49,"['manufacture_to_avoid_stockout', 'high_delay_probability']"
18,834,4.23,309.11,['high_delay_probability']
182,686,1.76,128.71,['high_delay_probability']
183,422,2.73,199.41,"['high_demand_variability', 'high_delay_probability']"
181,214,3.45,251.81,"['manufacture_to_avoid_stockout', 'safety_stock_violation_prevented', 'high_demand_variability', 'high_delay_probability']"
60,580,4.41,322.14,['high_delay_probability']
46,682,0.44,31.85,['high_delay_probability']
131,631,4.05,296.17,"['manufacture_to_avoid_stockout', 'high_delay_probability']"
145,804,7.79,569.37,"['manufacture_to_avoid_stockout', 'high_delay_probability']"
183,4,10.44,762.54,"['high_demand_variability', 'high_delay_probability']"
46,691,1.54,112.24,['high_delay_probability']
154,215,11.24,820.88,['high_delay_probability']
194,4,9.35,682.94,"['high_demand_variability', 'high_delay_probability']"
196,486,3.28,239.55,['high_delay_probability']
181,70,7.36,537.6,['high_delay_probability']
46,300,29.84,2179.96,"['manufacture_to_avoid_stockout', 'high_delay_probability']"
145,422,5.97,436.22,"['manufacture_to_avoid_stockout', 'high_demand_variability', 'high_delay_probability']"
188,631,8.76,639.85,"['manufacture_to_avoid_stockout', 'safety_stock_violation_prevented', 'high_delay_probability']"
154,489,2.4,175.53,['high_delay_probability']
60,207,5.28,385.96,"['manufacture_to_avoid_stockout', 'high_delay_probability']"
151,554,5.22,381.2,"['manufacture_to_avoid_stockout', 'high_delay_probability']"
145,4,34.05,2487.67,"['manufacture_to_avoid_stockout', 'safety_stock_violation_prevented', 'high_demand_variability', 'high_delay_probability']"
183,296,11.23,820.44,"['manufacture_to_avoid_stockout', 'high_delay_probability']"
131,496,0.1,7.06,['high_delay_probability']
187,19,2.68,195.81,['high_delay_probability']
182,578,3.78,276.48,"['manufacture_to_avoid_stockout', 'high_delay_probability']"
151,810,10.19,744.62,"['manufacture_to_avoid_stockout', 'high_delay_probability']"
188,240,11.83,863.94,"['manufacture_to_avoid_stockout', 'high_delay_probability']"
29,76,6.97,509.12,"['manufacture_to_avoid_stockout', 'high_delay_probability']"
182,834,20.91,1527.42,"['manufacture_to_avoid_stockout', 'high_delay_probability']"
154,345,7.44,543.36,"['manufacture_to_avoid_stockout', 'high_delay_probability']"
118,422,6.39,466.7,"['manufacture_to_avoid_stockout', 'high_demand_variability', 'high_delay_probability']"
187,769,3.76,274.99,"['manufacture_to_avoid_stockout', 'high_delay_probability']"
118,4,3.24,236.87,"['high_demand_variability', 'high_delay_probability']"
151,190,4.53,330.72,"['manufacture_to_avoid_stockout', 'high_delay_probability']"
154,363,3.25,237.43,['high_delay_probability']
187,122,8.13,594.02,"['manufacture_to_avoid_stockout', 'high_delay_probability']"
181,856,4.53,331.05,"['manufacture_to_avoid_stockout', 'high_demand_variability', 'high_delay_probability']"
1,4,37.24,2720.39,"['manufacture_to_avoid_stockout', 'safety_stock_violation_prevented', 'high_demand_variability', 'high_delay_probability']"
134,214,1.72,125.51,['high_delay_probability']
131,379,9.03,659.57,"['manufacture_to_avoid_stockout', 'high_delay_probability']"
46,21,7.93,579.34,"['manufacture_to_avoid_stockout', 'safety_stock_violation_prevented', 'high_delay_probability']"
131,635,4.36,318.78,"['manufacture_to_avoid_stockout', 'safety_stock_violation_prevented', 'high_delay_probability']"
60,166,12.41,906.87,"['manufacture_to_avoid_stockout', 'high_delay_probability']"
29,215,34.49,2519.55,"['manufacture_to_avoid_stockout', 'safety_stock_violation_prevented', 'high_delay_probability']"
60,422,0.06,4.45,"['high_demand_variability', 'high_delay_probability']"
151,549,8.64,630.83,"['manufacture_to_avoid_stockout', 'high_delay_probability']"
196,310,1.78,130.03,['high_delay_probability']
182,802,9.08,663.12,"['high_demand_variability', 'high_delay_probability']"
151,567,2.01,146.62,['high_delay_probability']
74,631,1.98,144.57,['high_delay_probability']
1,381,8.74,638.4,"['manufacture_to_avoid_stockout', 'high_delay_probability']"
183,129,4.5,328.57,"['high_demand_variability', 'high_delay_probability']"
194,129,1.17,85.15,"['high_demand_variability', 'high_delay_probability']"
134,600,0.87,63.37,['high_delay_probability']
154,578,3.83,279.94,"['manufacture_to_avoid_stockout', 'high_delay_probability']"
147,691,23.85,1742.2,"['manufacture_to_avoid_stockout', 'high_delay_probability']"
188,500,4.51,329.57,"['high_demand_variability', 'high_delay_probability']"
154,596,6.24,455.63,"['manufacture_to_avoid_stockout', 'high_delay_probability']"
187,117,10.44,762.93,['high_delay_probability']
154,834,4.31,314.51,"['high_demand_variability', 'high_delay_probability']"
182,11,2.36,172.06,['high_delay_probability']
196,193,0.91,66.28,['high_delay_probability']
145,129,9.32,680.88,"['manufacture_to_avoid_stockout', 'high_demand_variability', 'high_delay_probability']"
147,300,13.61,994.19,['high_delay_probability']
131,194,9.19,671.26,"['manufacture_to_avoid_stockout', 'high_delay_probability']"
18,6,12.05,880.18,"['manufacture_to_avoid_stockout', 'high_delay_probability']"
187,638,7.95,580.79,"['manufacture_to_avoid_stockout', 'high_delay_probability']"
29,201,0.92,67.0,['high_delay_probability']
74,599,4.98,363.89,['high_delay_probability']
196,296,3.67,268.39,"['manufacture_to_avoid_stockout', 'high_delay_probability']"
131,486,2.66,194.27,['high_delay_probability']
46,775,10.9,795.95,"['manufacture_to_avoid_stockout', 'high_delay_probability']"
188,212,1.14,83.29,['high_delay_probability']
60,682,3.18,232.32,"['manufacture_to_avoid_stockout', 'high_delay_probability']"
196,314,8.88,648.83,"['manufacture_to_avoid_stockout', 'high_delay_probability']"
60,691,30.05,2194.89,"['manufacture_to_avoid_stockout', 'high_delay_probability']"
46,802,18.35,1340.42,"['manufacture_to_avoid_stockout', 'safety_stock_violation_prevented', 'high_demand_variability', 'high_delay_probability']"
182,397,6.16,450.16,"['manufacture_to_avoid_stockout', 'high_delay_probability']"
18,554,13.74,1003.63,"['manufacture_to_avoid_stockout', 'high_delay_probability']"
188,715,1.53,112.03,['high_delay_probability']
182,644,5.59,408.12,"['manufacture_to_avoid_stockout', 'high_delay_probability']"
147,21,6.14,448.45,"['manufacture_to_avoid_stockout', 'high_delay_probability']"
188,486,10.41,760.64,"['manufacture_to_avoid_stockout', 'high_delay_probability']"
60,300,17.22,1258.16,"['manufacture_to_avoid_stockout', 'high_delay_probability']"
182,6,10.61,775.38,"['manufacture_to_avoid_stockout', 'high_delay_probability']"
181,190,2.56,186.93,['high_delay_probability']
29,578,4.58,334.65,"['manufacture_to_avoid_stockout', 'high_delay_probability']"
154,600,5.86,428.27,"['manufacture_to_avoid_stockout', 'high_delay_probability']"
134,631,6.78,495.53,"['manufacture_to_avoid_stockout', 'high_delay_probability']"
29,596,2.54,185.92,['high_delay_probability']
29,834,7.21,526.81,"['manufacture_to_avoid_stockout', 'high_delay_probability']"
188,580,13.63,995.79,"['manufacture_to_avoid_stockout', 'high_delay_probability']"
196,682,1.63,119.34,['high_delay_probability']
131,207,4.51,329.6,"['manufacture_to_avoid_stockout', 'high_delay_probability']"
196,691,14.08,1028.3,"['manufacture_to_avoid_stockout', 'high_delay_probability']"
18,19,2.72,198.97,['high_delay_probability']
187,215,19.18,1401.07,"['manufacture_to_avoid_stockout', 'high_delay_probability']"
147,578,3.62,264.68,"['manufacture_to_avoid_stockout', 'high_delay_probability']"
182,783,5.82,425.1,"['manufacture_to_avoid_stockout', 'high_delay_probability']"
182,127,1.75,128.03,['high_delay_probability']
196,300,9.74,711.9,['high_delay_probability']
29,699,1.62,118.39,['high_delay_probability']
147,834,19.63,1433.9,"['manufacture_to_avoid_stockout', 'high_delay_probability']"
74,194,8.5,621.23,"['manufacture_to_avoid_stockout', 'high_delay_probability']"
18,122,15.7,1146.65,"['manufacture_to_avoid_stockout', 'high_delay_probability']"
18,549,0.66,48.54,['high_delay_probability']
134,599,3.52,257.27,"['manufacture_to_avoid_stockout', 'high_demand_variability', 'high_delay_probability']"
151,166,26.15,1910.56,"['manufacture_to_avoid_stockout', 'safety_stock_violation_prevented', 'high_delay_probability']"
18,140,5.74,419.13,"['manufacture_to_avoid_stockout', 'high_delay_probability']"
74,41,6.08,443.96,"['manufacture_to_avoid_stockout', 'high_delay_probability']"
134,190,0.62,45.49,['high_delay_probability']
74,715,6.16,450.13,"['manufacture_to_avoid_stockout', 'high_delay_probability']"
46,644,4.6,335.75,['high_delay_probability']
151,422,3.73,272.27,['high_delay_probability']
187,345,2.08,152.11,"['manufacture_to_avoid_stockout', 'high_delay_probability']"
145,775,9.02,658.96,"['manufacture_to_avoid_stockout', 'high_delay_probability']"
151,4,15.41,1125.41,"['safety_stock_violation_prevented', 'high_demand_variability', 'high_delay_probability']"
182,19,3.77,275.69,['high_delay_probability']
147,290,2.3,167.91,"['manufacture_to_avoid_stockout', 'high_delay_probability']"
188,90,16.21,1183.95,"['manufacture_to_avoid_stockout', 'safety_stock_violation_prevented', 'high_delay_probability']"
46,6,8.88,648.74,"['manufacture_to_avoid_stockout', 'high_delay_probability']"
131,193,1.01,73.87,['high_delay_probability']
46,500,4.63,338.46,"['manufacture_to_avoid_stockout', 'safety_stock_violation_prevented', 'high_demand_variability', 'high_delay_probability']"
181,41,3.91,285.81,['high_delay_probability']
145,631,3.48,254.35,['high_delay_probability']
18,23,11.38,831.27,"['manufacture_to_avoid_stockout', 'high_delay_probability']"
182,769,11.27,823.63,"['manufacture_to_avoid_stockout', 'high_delay_probability']"
182,122,9.58,700.01,"['manufacture_to_avoid_stockout', 'high_delay_probability']"
131,296,2.65,193.76,['high_delay_probability']
46,783,5.98,436.95,"['manufacture_to_avoid_stockout', 'high_delay_probability']"
182,387,8.79,641.8,"['manufacture_to_avoid_stockout', 'high_delay_probability']"
154,554,5.56,406.54,"['manufacture_to_avoid_stockout', 'high_delay_probability']"
182,396,8.9,649.89,"['manufacture_to_avoid_stockout', 'high_delay_probability']"
181,580,5.66,413.56,"['manufacture_to_avoid_stockout', 'high_delay_probability']"
183,370,3.77,275.15,"['manufacture_to_avoid_stockout', 'high_delay_probability']"
1,631,3.8,277.32,"['manufacture_to_avoid_stockout', 'high_delay_probability']"
183,379,12.93,944.62,"['manufacture_to_avoid_stockout', 'safety_stock_violation_prevented', 'high_delay_probability']"
196,834,21.94,1603.03,"['manufacture_to_avoid_stockout', 'high_delay_probability']"
60,775,3.12,227.83,['high_delay_probability']
188,76,0.26,18.67,"['high_demand_variability', 'high_delay_probability']"
74,719,2.37,172.94,"['manufacture_to_avoid_stockout', 'high_delay_probability']"
118,240,9.65,705.22,"['manufacture_to_avoid_stockout', 'high_delay_probability']"
118,478,9.16,669.48,"['manufacture_to_avoid_stockout', 'safety_stock_violation_prevented', 'high_delay_probability']"
183,635,5.5,401.55,"['manufacture_to_avoid_stockout', 'high_delay_probability']"
187,596,15.87,1159.12,"['manufacture_to_avoid_stockout', 'high_delay_probability']"
18,638,5.86,428.02,"['manufacture_to_avoid_stockout', 'high_delay_probability']"
188,314,8.58,627.0,"['manufacture_to_avoid_stockout', 'high_delay_probability']"
46,486,13.53,988.41,"['manufacture_to_avoid_stockout', 'high_delay_probability']"
134,41,5.41,395.34,"['manufacture_to_avoid_stockout', 'high_delay_probability']"
154,19,4.98,364.06,['high_delay_probability']
196,699,6.88,502.82,"['manufacture_to_avoid_stockout', 'high_delay_probability']"
131,26,1.72,125.82,['high_delay_probability']
181,292,3.04,222.25,['high_delay_probability']
194,500,4.66,340.77,"['high_demand_variability', 'high_delay_probability']"
147,150,1.03,74.95,['high_delay_probability']
182,117,6.43,469.57,"['manufacture_to_avoid_stockout', 'high_delay_probability']"
196,290,5.69,415.53,"['manufacture_to_avoid_stockout', 'high_delay_probability']"
46,104,13.36,976.22,"['manufacture_to_avoid_stockout', 'high_delay_probability']"
46,769,5.37,392.56,"['manufacture_to_avoid_stockout', 'high_delay_probability']"
74,422,5.55,405.35,"['manufacture_to_avoid_stockout', 'safety_stock_violation_prevented', 'high_demand_variability', 'high_delay_probability']"
46,351,1.84,134.07,['high_delay_probability']
131,300,25.08,1832.19,"['manufacture_to_avoid_stockout', 'high_delay_probability']"
188,682,1.56,114.27,"['manufacture_to_avoid_stockout', 'high_delay_probability']"
46,122,4.71,343.87,['high_delay_probability']
187,70,20.15,1472.26,"['manufacture_to_avoid_stockout', 'high_delay_probability']"
134,580,8.18,597.31,"['manufacture_to_avoid_stockout', 'high_delay_probability']"
196,802,15.88,1159.97,"['manufacture_to_avoid_stockout', 'high_delay_probability']"
1,190,3.3,241.34,['high_delay_probability']
147,6,9.67,706.14,"['manufacture_to_avoid_stockout', 'high_delay_probability']"
182,638,5.36,391.35,"['manufacture_to_avoid_stockout', 'high_delay_probability']"
188,291,1.22,89.2,['high_delay_probability']
181,166,14.15,1033.46,"['manufacture_to_avoid_stockout', 'high_delay_probability']"
29,554,7.7,562.75,"['manufacture_to_avoid_stockout', 'high_delay_probability']"
188,300,35.98,2628.12,"['manufacture_to_avoid_stockout', 'high_delay_probability']"
183,194,13.36,976.32,"['manufacture_to_avoid_stockout', 'high_delay_probability']"
181,422,3.44,251.45,"['high_demand_variability', 'high_delay_probability']"
29,810,1.62,118.68,['high_delay_probability']
74,296,7.7,562.61,"['manufacture_to_avoid_stockout', 'high_delay_probability']"
181,4,12.31,898.94,"['high_demand_variability', 'high_delay_probability']"
60,379,9.9,723.46,"['manufacture_to_avoid_stockout', 'high_delay_probability']"
147,774,5.65,413.03,"['manufacture_to_avoid_stockout', 'high_delay_probability']"
147,783,4.4,321.47,"['manufacture_to_avoid_stockout', 'high_delay_probability']"
18,4,1.92,139.91,"['high_demand_variability', 'high_delay_probability']"
147,127,5.59,408.55,"['manufacture_to_avoid_stockout', 'high_delay_probability']"
60,635,7.02,512.89,"['manufacture_to_avoid_stockout', 'high_delay_probability']"
145,194,9.95,726.72,"['manufacture_to_avoid_stockout', 'high_delay_probability']"
131,686,1.67,121.83,['high_delay_probability']
183,486,11.0,803.51,"['manufacture_to_avoid_stockout', 'high_delay_probability']"
194,486,6.11,446.03,"['manufacture_to_avoid_stockout', 'high_delay_probability']"
29,19,5.37,392.07,['high_delay_probability']
147,810,2.42,177.0,['high_delay_probability']
154,41,8.08,589.92,"['manufacture_to_avoid_stockout', 'high_delay_probability']"
181,296,0.37,27.12,"['manufacture_to_avoid_stockout', 'high_delay_probability']"
194,77,5.01,366.13,"['manufacture_to_avoid_stockout', 'high_delay_probability']"
60,6,0.15,11.1,['high_delay_probability']
74,426,4.6,336.04,"['high_demand_variability', 'high_delay_probability']"
194,104,31.37,2291.4,"['manufacture_to_avoid_stockout', 'safety_stock_violation_prevented', 'high_delay_probability']"
183,580,12.65,924.34,"['manufacture_to_avoid_stockout', 'high_delay_probability']"
194,580,20.49,1496.5,"['manufacture_to_avoid_stockout', 'high_delay_probability']"
60,500,2.72,198.81,"['high_demand_variability', 'high_delay_probability']"
145,486,10.56,771.3,"['manufacture_to_avoid_stockout', 'high_delay_probability']"
74,682,4.74,346.61,"['manufacture_to_avoid_stockout', 'high_delay_probability']"
134,166,14.94,1091.77,"['manufacture_to_avoid_stockout', 'high_delay_probability']"
29,122,15.09,1102.31,"['manufacture_to_avoid_stockout', 'high_delay_probability']"
182,215,21.93,1601.74,"['manufacture_to_avoid_stockout', 'high_delay_probability']"
131,578,4.33,316.6,"['manufacture_to_avoid_stockout', 'high_delay_probability']"
29,796,10.38,757.95,"['manufacture_to_avoid_stockout', 'high_delay_probability']"
134,422,4.21,307.9,"['high_demand_variability', 'high_delay_probability']"
74,291,5.86,428.39,"['manufacture_to_avoid_stockout', 'high_delay_probability']"
60,783,3.69,269.39,"['manufacture_to_avoid_stockout', 'high_delay_probability']"
194,207,7.2,525.99,"['manufacture_to_avoid_stockout', 'high_delay_probability']"
131,834,11.39,832.36,"['manufacture_to_avoid_stockout', 'high_delay_probability']"
60,127,3.62,264.26,"['manufacture_to_avoid_stockout', 'high_delay_probability']"
74,300,43.28,3161.41,"['manufacture_to_avoid_stockout', 'high_delay_probability']"
118,486,2.59,189.43,['high_delay_probability']
145,580,12.25,895.17,"['manufacture_to_avoid_stockout', 'high_delay_probability']"
147,104,20.45,1494.12,"['manufacture_to_avoid_stockout', 'high_delay_probability']"
118,77,3.36,245.68,"['manufacture_to_avoid_stockout', 'high_delay_probability']"
181,26,3.75,274.14,"['manufacture_to_avoid_stockout', 'high_delay_probability']"
188,578,2.12,155.18,['high_delay_probability']
147,122,5.32,388.69,['high_delay_probability']
183,481,11.04,806.74,"['manufacture_to_avoid_stockout', 'high_delay_probability']"
188,834,18.15,1325.69,"['manufacture_to_avoid_stockout', 'high_delay_probability']"
147,140,6.39,466.96,"['manufacture_to_avoid_stockout', 'high_delay_probability']"
145,207,3.62,264.36,"['manufacture_to_avoid_stockout', 'high_delay_probability']"
118,580,20.68,1510.86,"['manufacture_to_avoid_stockout', 'high_delay_probability']"
194,310,1.06,77.39,['high_delay_probability']
29,23,6.73,491.59,"['manufacture_to_avoid_stockout', 'high_delay_probability']"
147,387,1.7,124.06,['high_delay_probability']
151,110,1.21,88.13,['high_delay_probability']
151,775,3.16,230.62,['high_delay_probability']
194,90,8.28,604.64,"['manufacture_to_avoid_stockout', 'high_delay_probability']"
154,292,12.4,905.96,"['manufacture_to_avoid_stockout', 'high_delay_probability']"
196,774,6.31,461.02,"['manufacture_to_avoid_stockout', 'high_delay_probability']"
60,486,5.99,437.33,"['manufacture_to_avoid_stockout', 'high_delay_probability']"
181,129,14.87,1086.36,"['manufacture_to_avoid_stockout', 'high_delay_probability']"
196,783,2.38,174.23,['high_delay_probability']
145,481,6.81,497.35,['high_delay_probability']
74,21,5.9,431.09,"['manufacture_to_avoid_stockout', 'high_delay_probability']"
74,686,0.34,24.89,['high_delay_probability']
187,554,4.36,318.23,"['manufacture_to_avoid_stockout', 'high_delay_probability']"
29,117,18.53,1353.35,"['manufacture_to_avoid_stockout', 'high_delay_probability']"
131,802,22.21,1622.39,"['manufacture_to_avoid_stockout', 'safety_stock_violation_prevented', 'high_delay_probability']"
151,631,0.46,33.88,['high_delay_probability']
188,290,11.55,843.68,"['manufacture_to_avoid_stockout', 'high_delay_probability']"
60,104,15.49,1131.49,"['manufacture_to_avoid_stockout', 'high_delay_probability']"
183,193,5.15,376.33,"['manufacture_to_avoid_stockout', 'high_delay_probability']"
46,215,31.56,2305.81,"['manufacture_to_avoid_stockout', 'high_delay_probability']"
60,122,14.13,1032.22,"['manufacture_to_avoid_stockout', 'high_delay_probability']"
131,411,6.43,469.83,"['manufacture_to_avoid_stockout', 'high_delay_probability']"
151,240,5.94,434.02,"['manufacture_to_avoid_stockout', 'high_delay_probability']"
147,99,5.23,381.95,"['manufacture_to_avoid_stockout', 'high_delay_probability']"
154,422,3.57,260.52,['high_delay_probability']
1,292,4.17,304.3,['high_delay_probability']
18,223,8.54,624.23,"['manufacture_to_avoid_stockout', 'high_delay_probability']"
29,638,0.2,14.52,['high_delay_probability']
134,26,2.09,152.79,"['manufacture_to_avoid_stockout', 'high_delay_probability']"
134,691,4.08,298.03,['high_delay_probability']
154,4,10.48,765.67,"['high_demand_variability', 'high_delay_probability']"
60,387,2.04,148.74,['high_delay_probability']
46,489,9.86,720.37,"['manufacture_to_avoid_stockout', 'high_delay_probability']"
181,21,2.64,193.1,"['manufacture_to_avoid_stockout', 'high_delay_probability']"
182,84,3.34,244.06,['high_delay_probability']
182,740,9.91,723.86,"['manufacture_to_avoid_stockout', 'high_delay_probability']"
60,634,1.05,76.77,['high_delay_probability']
74,151,0.8,58.64,['high_delay_probability']
134,300,13.74,1003.9,['high_delay_probability']
18,70,46.97,3431.25,"['manufacture_to_avoid_stockout', 'safety_stock_violation_prevented', 'high_delay_probability']"
183,314,7.57,553.33,"['manufacture_to_avoid_stockout', 'high_delay_probability']"
196,104,11.83,864.17,"['manufacture_to_avoid_stockout', 'high_delay_probability']"
182,596,5.94,433.58,['high_delay_probability']
196,769,2.89,211.13,"['manufacture_to_avoid_stockout', 'high_delay_probability']"
46,345,1.47,107.46,['high_delay_probability']
147,638,3.84,280.17,"['manufacture_to_avoid_stockout', 'high_delay_probability']"
1,166,20.11,1469.34,"['manufacture_to_avoid_stockout', 'high_delay_probability']"
196,122,7.0,511.19,"['manufacture_to_avoid_stockout', 'high_delay_probability']"
118,193,8.97,655.13,"['manufacture_to_avoid_stockout', 'high_delay_probability']"
145,58,6.41,468.09,"['manufacture_to_avoid_stockout', 'high_delay_probability']"
145,296,3.43,250.35,['high_delay_probability']
1,422,3.3,241.44,"['high_demand_variability', 'high_delay_probability']"
196,387,2.59,188.87,['high_delay_probability']
18,600,3.19,233.22,['high_delay_probability']
151,635,4.5,328.76,"['manufacture_to_avoid_stockout', 'high_delay_probability']"
46,201,1.33,97.15,['high_delay_probability']
187,567,1.12,81.46,['high_delay_probability']
46,439,15.52,1133.81,"['manufacture_to_avoid_stockout', 'safety_stock_violation_prevented', 'high_delay_probability']"
183,426,8.79,642.24,"['manufacture_to_avoid_stockout', 'high_delay_probability']"
194,426,4.34,316.99,"['manufacture_to_avoid_stockout', 'high_delay_probability']"
60,117,21.59,1577.45,"['manufacture_to_avoid_stockout', 'safety_stock_violation_prevented', 'high_delay_probability']"
131,644,9.4,686.62,"['manufacture_to_avoid_stockout', 'high_delay_probability']"
183,682,4.54,331.76,"['manufacture_to_avoid_stockout', 'high_delay_probability']"
74,775,10.52,768.81,"['manufacture_to_avoid_stockout', 'high_delay_probability']"
118,296,6.07,443.19,"['manufacture_to_avoid_stockout', 'high_delay_probability']"
134,21,7.96,581.29,"['manufacture_to_avoid_stockout', 'high_delay_probability']"
182,70,13.66,997.59,"['manufacture_to_avoid_stockout', 'high_delay_probability']"
183,691,14.34,1047.59,"['manufacture_to_avoid_stockout', 'high_delay_probability']"
1,296,8.09,590.78,"['manufacture_to_avoid_stockout', 'high_delay_probability']"
131,6,5.32,388.96,"['manufacture_to_avoid_stockout', 'high_delay_probability']"
151,500,4.4,321.2,"['high_demand_variability', 'high_delay_probability']"
74,802,32.7,2388.67,"['manufacture_to_avoid_stockout', 'safety_stock_violation_prevented', 'high_delay_probability']"
183,291,1.21,88.26,['high_delay_probability']
29,4,7.06,515.67,"['high_demand_variability', 'high_delay_probability']"
60,638,0.93,67.69,['high_delay_probability']
183,300,2.44,177.99,['high_delay_probability']
188,644,5.41,394.94,"['manufacture_to_avoid_stockout', 'high_delay_probability']"
187,23,7.33,535.3,"['manufacture_to_avoid_stockout', 'high_delay_probability']"
194,71,4.44,324.61,"['manufacture_to_avoid_stockout', 'high_delay_probability']"
194,300,15.59,1139.12,['high_delay_probability']
145,26,4.93,360.15,"['manufacture_to_avoid_stockout', 'high_delay_probability']"
145,691,1.59,116.16,['high_delay_probability']
181,775,0.89,64.89,['high_delay_probability']
188,6,5.94,433.58,"['manufacture_to_avoid_stockout', 'high_delay_probability']"
46,578,3.64,266.16,"['manufacture_to_avoid_stockout', 'high_delay_probability']"
196,631,6.26,457.67,"['manufacture_to_avoid_stockout', 'high_delay_probability']"
196,117,12.31,898.98,"['manufacture_to_avoid_stockout', 'high_delay_probability']"
147,215,2.45,178.68,['high_delay_probability']
131,774,5.57,406.88,"['manufacture_to_avoid_stockout', 'high_delay_probability']"
118,426,6.02,439.82,"['manufacture_to_avoid_stockout', 'high_delay_probability']"
46,834,25.46,1859.57,"['manufacture_to_avoid_stockout', 'high_delay_probability']"
131,783,3.89,284.03,"['manufacture_to_avoid_stockout', 'high_delay_probability']"
145,291,1.26,91.76,"['manufacture_to_avoid_stockout', 'high_delay_probability']"
145,300,53.9,3937.87,"['manufacture_to_avoid_stockout', 'high_delay_probability']"
154,129,16.3,1190.74,"['manufacture_to_avoid_stockout', 'safety_stock_violation_prevented', 'high_demand_variability', 'high_delay_probability']"
118,26,1.75,127.91,['high_delay_probability']
147,489,3.97,290.35,"['manufacture_to_avoid_stockout', 'high_delay_probability']"
196,629,1.29,94.1,['high_delay_probability']
187,144,25.51,1863.67,"['manufacture_to_avoid_stockout', 'high_delay_probability']"
196,638,8.58,626.56,"['manufacture_to_avoid_stockout', 'high_delay_probability']"
1,26,3.47,253.77,"['manufacture_to_avoid_stockout', 'high_delay_probability']"
188,774,4.82,352.25,"['manufacture_to_avoid_stockout', 'high_delay_probability']"
1,691,7.47,545.74,['high_delay_probability']
188,118,4.94,360.65,['high_delay_probability']
188,783,7.08,517.21,"['manufacture_to_avoid_stockout', 'high_delay_probability']"
151,468,7.33,535.26,"['manufacture_to_avoid_stockout', 'high_delay_probability']"
188,127,2.63,192.32,['high_delay_probability']
194,21,4.11,300.04,"['manufacture_to_avoid_stockout', 'high_delay_probability']"
181,240,11.1,811.06,"['manufacture_to_avoid_stockout', 'high_delay_probability']"
1,291,6.37,465.61,"['manufacture_to_avoid_stockout', 'high_delay_probability']"
151,486,9.6,701.22,"['manufacture_to_avoid_stockout', 'high_delay_probability']"
188,810,6.01,438.69,"['manufacture_to_avoid_stockout', 'high_delay_probability']"
46,290,7.64,558.11,"['manufacture_to_avoid_stockout', 'high_delay_probability']"
1,300,2.47,180.64,['high_delay_probability']
29,219,2.93,213.95,['high_delay_probability']
29,228,0.43,31.44,['high_delay_probability']
151,77,6.86,501.02,"['manufacture_to_avoid_stockout', 'high_delay_probability']"
46,70,24.91,1819.76,"['manufacture_to_avoid_stockout', 'high_delay_probability']"
147,363,5.02,366.77,"['manufacture_to_avoid_stockout', 'high_delay_probability']"
60,215,5.72,417.51,['high_delay_probability']
134,775,10.6,774.36,"['manufacture_to_avoid_stockout', 'high_delay_probability']"
151,580,8.64,631.49,"['manufacture_to_avoid_stockout', 'high_delay_probability']"
74,644,6.28,458.53,"['manufacture_to_avoid_stockout', 'high_delay_probability']"
147,201,2.45,178.69,['high_delay_probability']
181,114,3.09,225.73,['high_delay_probability']
29,740,1.99,145.08,['high_delay_probability']
131,104,18.94,1383.85,"['manufacture_to_avoid_stockout', 'high_delay_probability']"
188,19,11.51,841.0,"['manufacture_to_avoid_stockout', 'high_delay_probability']"
60,489,0.45,32.72,['high_delay_probability']
147,219,3.25,237.52,"['manufacture_to_avoid_stockout', 'high_delay_probability']"
74,6,7.15,522.02,"['manufacture_to_avoid_stockout', 'high_delay_probability']"
187,292,3.77,275.34,['high_delay_probability']
131,122,2.81,205.24,['high_delay_probability']
183,834,18.94,1383.66,"['manufacture_to_avoid_stockout', 'high_delay_probability']"
194,834,13.73,1003.35,"['manufacture_to_avoid_stockout', 'high_delay_probability']"
18,599,8.08,590.43,"['manufacture_to_avoid_stockout', 'high_delay_probability']"
74,500,7.03,513.92,"['manufacture_to_avoid_stockout', 'safety_stock_violation_prevented', 'high_demand_variability', 'high_delay_probability']"
118,21,3.97,289.79,"['manufacture_to_avoid_stockout', 'high_delay_probability']"
151,207,5.73,418.78,"['manufacture_to_avoid_stockout', 'high_delay_probability']"
188,104,17.94,1310.84,"['manufacture_to_avoid_stockout', 'high_delay_probability']"
188,769,4.17,304.33,"['manufacture_to_avoid_stockout', 'high_delay_probability']"
18,190,0.04,3.06,['high_delay_probability']
196,215,19.21,1403.21,"['manufacture_to_avoid_stockout', 'high_delay_probability']"
188,122,14.15,1033.36,"['manufacture_to_avoid_stockout', 'high_delay_probability']"
134,240,3.33,242.96,['high_delay_probability']
134,11,0.12,8.81,['high_delay_probability']
60,363,4.25,310.6,"['manufacture_to_avoid_stockout', 'high_delay_probability']"
74,774,6.97,509.52,"['manufacture_to_avoid_stockout', 'safety_stock_violation_prevented', 'high_delay_probability']"
74,783,4.23,308.76,"['manufacture_to_avoid_stockout', 'high_delay_probability']"
145,834,22.52,1644.8,"['manufacture_to_avoid_stockout', 'high_delay_probability']"
74,127,4.0,292.45,"['manufacture_to_avoid_stockout', 'high_delay_probability']"
187,422,7.65,559.12,"['manufacture_to_avoid_stockout', 'safety_stock_violation_prevented', 'high_demand_variability', 'high_delay_probability']"
181,500,5.65,412.47,"['manufacture_to_avoid_stockout', 'high_delay_probability']"
182,554,6.96,508.71,"['manufacture_to_avoid_stockout', 'high_delay_probability']"
60,201,3.04,222.19,['high_delay_probability']
147,596,6.79,496.33,"['manufacture_to_avoid_stockout', 'high_delay_probability']"
183,290,1.64,120.06,['high_delay_probability']
182,810,5.69,415.98,"['manufacture_to_avoid_stockout', 'high_delay_probability']"
134,114,2.62,191.69,['high_delay_probability']
196,345,3.86,281.86,"['manufacture_to_avoid_stockout', 'high_delay_probability']"
183,802,22.83,1667.44,"['manufacture_to_avoid_stockout', 'high_delay_probability']"
134,370,7.22,527.35,"['manufacture_to_avoid_stockout', 'high_delay_probability']"
194,802,20.65,1508.62,"['manufacture_to_avoid_stockout', 'safety_stock_violation_prevented', 'high_delay_probability']"
147,223,3.24,236.65,"['manufacture_to_avoid_stockout', 'high_delay_probability']"
131,117,3.64,265.93,['high_delay_probability']
196,363,3.5,256.01,['high_delay_probability']
60,740,3.52,257.29,"['manufacture_to_avoid_stockout', 'high_delay_probability']"
74,486,2.11,154.34,['high_delay_probability']
194,411,9.88,721.51,"['manufacture_to_avoid_stockout', 'safety_stock_violation_prevented', 'high_delay_probability']"
29,600,6.61,482.77,"['manufacture_to_avoid_stockout', 'high_delay_probability']"
147,70,17.21,1257.5,"['manufacture_to_avoid_stockout', 'high_delay_probability']"
60,578,7.22,527.75,"['manufacture_to_avoid_stockout', 'high_delay_probability']"
131,629,1.24,90.25,['high_delay_probability']
145,802,4.88,356.29,"['high_demand_variability', 'high_delay_probability']"
188,117,12.75,931.29,"['manufacture_to_avoid_stockout', 'high_delay_probability']"
131,638,3.39,247.8,"['manufacture_to_avoid_stockout', 'high_delay_probability']"
74,104,23.95,1749.49,"['manufacture_to_avoid_stockout', 'high_delay_probability']"
134,6,4.85,354.33,"['manufacture_to_avoid_stockout', 'high_delay_probability']"
60,596,9.42,688.0,"['manufacture_to_avoid_stockout', 'high_delay_probability']"
74,769,12.48,911.5,"['manufacture_to_avoid_stockout', 'safety_stock_violation_prevented', 'high_delay_probability']"
60,834,9.26,676.46,"['manufacture_to_avoid_stockout', 'high_delay_probability']"
118,290,6.27,458.01,"['manufacture_to_avoid_stockout', 'high_delay_probability']"
1,290,8.12,593.2,"['manufacture_to_avoid_stockout', 'high_delay_probability']"
74,122,7.5,547.63,"['manufacture_to_avoid_stockout', 'high_delay_probability']"
181,486,2.36,172.37,['high_delay_probability']
134,500,8.91,651.08,"['manufacture_to_avoid_stockout', 'high_delay_probability']"
145,411,10.68,780.17,"['manufacture_to_avoid_stockout', 'high_delay_probability']"
1,775,8.03,586.92,"['manufacture_to_avoid_stockout', 'high_delay_probability']"
181,77,4.39,320.49,"['manufacture_to_avoid_stockout', 'high_delay_probability']"
188,638,8.37,611.49,"['manufacture_to_avoid_stockout', 'high_delay_probability']"
196,740,1.4,102.05,['high_delay_probability']
118,802,17.69,1292.37,"['manufacture_to_avoid_stockout', 'safety_stock_violation_prevented', 'high_demand_variability', 'high_delay_probability']"
145,11,0.71,52.07,['high_delay_probability']
181,104,24.49,1789.08,"['manufacture_to_avoid_stockout', 'high_delay_probability']"
134,783,7.53,549.83,"['manufacture_to_avoid_stockout', 'high_delay_probability']"
134,127,0.38,27.92,['high_delay_probability']
187,419,14.03,1024.83,"['manufacture_to_avoid_stockout', 'high_delay_probability']"
182,185,7.16,523.23,['high_delay_probability']
196,596,10.37,757.24,"['manufacture_to_avoid_stockout', 'high_delay_probability']"
60,70,0.05,3.84,['high_delay_probability']
18,580,21.95,1603.43,"['manufacture_to_avoid_stockout', 'high_delay_probability']"
183,644,5.82,424.92,"['manufacture_to_avoid_stockout', 'high_delay_probability']"
194,644,3.24,236.74,['high_delay_probability']
46,666,17.64,1288.97,"['manufacture_to_avoid_stockout', 'high_delay_probability']"
46,19,14.55,1062.95,"['manufacture_to_avoid_stockout', 'high_delay_probability']"
151,691,10.45,763.25,"['manufacture_to_avoid_stockout', 'high_delay_probability']"
182,41,11.51,841.1,"['manufacture_to_avoid_stockout', 'high_delay_probability']"
194,6,10.02,732.03,"['manufacture_to_avoid_stockout', 'high_delay_probability']"
196,223,2.04,149.2,['high_delay_probability']
131,215,14.62,1067.75,"['manufacture_to_avoid_stockout', 'high_delay_probability']"
134,486,11.23,820.56,"['manufacture_to_avoid_stockout', 'high_delay_probability']"
74,117,11.11,811.9,['high_delay_probability']
145,644,13.64,996.4,"['manufacture_to_avoid_stockout', 'safety_stock_violation_prevented', 'high_delay_probability']"
151,300,25.8,1884.63,"['manufacture_to_avoid_stockout', 'high_delay_probability']"
145,415,5.74,419.15,"['manufacture_to_avoid_stockout', 'high_delay_probability']"
1,114,19.95,1457.45,"['manufacture_to_avoid_stockout', 'high_delay_probability']"
196,70,9.23,674.39,['high_delay_probability']
18,292,7.44,543.17,"['manufacture_to_avoid_stockout', 'high_delay_probability']"
145,6,8.11,592.47,"['manufacture_to_avoid_stockout', 'high_delay_probability']"
118,806,2.0,145.86,"['high_demand_variability', 'high_delay_probability']"
188,215,26.58,1942.07,"['manufacture_to_avoid_stockout', 'high_delay_probability']"
1,370,8.42,614.84,"['manufacture_to_avoid_stockout', 'high_delay_probability']"
118,150,4.09,298.44,"['manufacture_to_avoid_stockout', 'high_delay_probability']"
134,104,6.03,440.78,['high_delay_probability']
134,769,2.88,210.57,"['manufacture_to_avoid_stockout', 'high_delay_probability']"
183,783,6.73,492.0,"['manufacture_to_avoid_stockout', 'high_delay_probability']"
74,638,4.9,358.14,"['manufacture_to_avoid_stockout', 'high_delay_probability']"
194,127,3.29,240.5,"['manufacture_to_avoid_stockout', 'high_delay_probability']"
194,774,2.84,207.14,"['manufacture_to_avoid_stockout', 'high_delay_probability']"
134,122,2.12,155.19,['high_delay_probability']
187,515,4.37,319.6,"['manufacture_to_avoid_stockout', 'high_delay_probability']"
194,783,13.13,958.99,"['manufacture_to_avoid_stockout', 'high_delay_probability']"
60,294,0.66,48.53,['high_delay_probability']
131,345,2.63,192.05,"['manufacture_to_avoid_stockout', 'high_delay_probability']"
194,810,10.94,799.22,"['manufacture_to_avoid_stockout', 'high_delay_probability']"
1,644,5.47,399.92,"['manufacture_to_avoid_stockout', 'high_delay_probability']"
187,115,5.61,410.19,"['manufacture_to_avoid_stockout', 'high_delay_probability']"
118,6,9.3,679.09,"['manufacture_to_avoid_stockout', 'high_delay_probability']"
131,363,9.21,672.67,"['manufacture_to_avoid_stockout', 'high_delay_probability']"
145,774,5.36,391.22,"['manufacture_to_avoid_stockout', 'high_delay_probability']"
1,6,4.78,349.08,"['manufacture_to_avoid_stockout', 'high_delay_probability']"
118,253,3.85,281.45,"['manufacture_to_avoid_stockout', 'high_delay_probability']"
145,783,10.15,741.71,"['manufacture_to_avoid_stockout', 'high_delay_probability']"
18,413,6.06,442.59,"['manufacture_to_avoid_stockout', 'high_delay_probability']"
118,500,4.37,319.43,['high_delay_probability']
151,21,1.79,130.56,['high_delay_probability']
18,422,0.13,9.66,['high_delay_probability']
194,666,6.33,462.76,"['manufacture_to_avoid_stockout', 'high_delay_probability']"
1,500,2.04,149.26,"['high_demand_variability', 'high_delay_probability']"
46,23,6.73,491.92,"['manufacture_to_avoid_stockout', 'high_delay_probability']"
46,688,1.65,120.39,['high_delay_probability']
147,554,6.21,453.47,"['manufacture_to_avoid_stockout', 'high_delay_probability']"
196,694,3.13,228.6,"['high_demand_variability', 'high_delay_probability']"
183,19,9.45,690.23,"['manufacture_to_avoid_stockout', 'high_delay_probability']"
134,481,9.01,658.55,"['manufacture_to_avoid_stockout', 'high_delay_probability']"
182,292,7.77,567.6,"['manufacture_to_avoid_stockout', 'high_delay_probability']"
188,363,0.98,71.67,['high_delay_probability']
194,19,6.93,506.16,"['manufacture_to_avoid_stockout', 'high_delay_probability']"
118,783,5.37,392.34,"['manufacture_to_avoid_stockout', 'high_delay_probability']"
188,201,7.24,528.82,"['manufacture_to_avoid_stockout', 'safety_stock_violation_prevented', 'high_delay_probability']"
154,486,8.43,615.71,"['manufacture_to_avoid_stockout', 'high_delay_probability']"
1,783,5.76,421.01,"['manufacture_to_avoid_stockout', 'high_delay_probability']"
118,136,7.13,521.19,"['manufacture_to_avoid_stockout', 'high_delay_probability']"
1,127,2.52,184.13,['high_delay_probability']
183,104,6.05,441.87,['high_delay_probability']
18,296,1.77,129.18,['high_delay_probability']
194,769,4.42,323.1,"['manufacture_to_avoid_stockout', 'high_delay_probability']"
131,740,1.31,95.73,['high_delay_probability']
183,122,14.15,1033.48,"['manufacture_to_avoid_stockout', 'high_delay_probability']"
194,122,11.74,858.01,"['manufacture_to_avoid_stockout', 'high_delay_probability']"
134,117,4.31,315.18,['high_delay_probability']
74,215,6.42,469.0,['high_delay_probability']
151,578,9.62,702.42,"['manufacture_to_avoid_stockout', 'high_delay_probability']"
151,834,7.65,558.89,"['manufacture_to_avoid_stockout', 'high_delay_probability']"
154,580,10.73,783.73,"['manufacture_to_avoid_stockout', 'high_delay_probability']"
182,422,7.17,523.51,"['manufacture_to_avoid_stockout', 'high_demand_variability', 'high_delay_probability']"
46,638,1.88,137.52,['high_delay_probability']
182,4,8.6,628.38,"['high_demand_variability', 'high_delay_probability']"
187,775,0.39,28.26,['high_delay_probability']
188,740,1.89,138.37,['high_delay_probability']
131,596,9.21,673.13,"['manufacture_to_avoid_stockout', 'high_delay_probability']"
145,769,1.03,74.91,['high_delay_probability']
60,554,3.0,218.85,"['manufacture_to_avoid_stockout', 'high_delay_probability']"
194,396,4.65,340.05,"['manufacture_to_avoid_stockout', 'high_delay_probability']"
134,638,3.42,249.75,"['manufacture_to_avoid_stockout', 'high_delay_probability']"
145,122,6.45,471.11,['high_delay_probability']
1,486,7.39,540.05,['high_delay_probability']
181,691,10.18,743.48,"['manufacture_to_avoid_stockout', 'high_delay_probability']"
154,207,2.33,169.91,['high_delay_probability']
187,631,1.92,140.41,['high_delay_probability']
